Data,Spustelėjimai,Parodymai,PR,Pozicija
2026-08-13,0,2,0%,48.5
2026-08-14,0,0,,
2026-08-15,0,7,0%,37.1
2026-08-16,0,2,0%,69.5
2026-08-17,0,6,0%,38.3
2026-08-18,0,16,0%,5.3
2026-08-19,0,1,0%,4
2026-08-20,0,5,0%,49.8
2026-08-21,0,2,0%,37
2026-08-22,0,3,0%,42.3
2026-08-23,0,4,0%,7
2026-08-24,0,3,0%,26.7
2026-08-25,0,6,0%,42.2
2026-08-26,0,2,0%,5.5
2026-08-27,0,2,0%,41
2026-08-28,0,6,0%,34.7
2026-08-29,0,3,0%,62.7
2026-08-30,0,2,0%,31.5
2026-08-31,0,2,0%,64.5
2026-09-01,0,5,0%,4
2026-09-02,0,0,,
2026-09-03,0,0,,
2026-09-04,0,7,0%,4.3
2026-09-05,0,2,0%,3
2026-09-06,0,0,,
2026-09-07,0,2,0%,5.5
2026-09-08,0,2,0%,5.5