Šalis,Spustelėjimai,Parodymai,PR,Pozicija
Jungtinės Valstijos,0,18,0%,7.06
Japonija,0,9,0%,6.22
Latvija,0,8,0%,4.62
Filipinai,0,8,0%,68
Lietuva,0,7,0%,2.86
Indija,0,5,0%,54.8
Vietnamas,0,5,0%,62.8
Malaizija,0,4,0%,37.25
Turkija,0,4,0%,76.5
Vokietija,0,3,0%,7.33
Indonezija,0,3,0%,37
Meksika,0,3,0%,44.67
Brazilija,0,2,0%,3.5
Tailandas,0,2,0%,5.5
Jordanija,0,2,0%,69
Pakistanas,0,1,0%,2
Kanada,0,1,0%,3
Šri Lanka,0,1,0%,3
Belgija,0,1,0%,4
Bulgarija,0,1,0%,5
Rusija,0,1,0%,5
Suomija,0,1,0%,7
Nyderlandų Karalystė,0,1,0%,8
Bangladešas,0,1,0%,98